http://www.cbirc.gov.cn/zhuanti/xzcf/getYbjhPcjgXZCFDocListDividePage/beijing.html,12
http://www.cbirc.gov.cn/zhuanti/xzcf/getYbjhPcjgXZCFDocListDividePage/tianjin.html,18
http://www.cbirc.gov.cn/zhuanti/xzcf/getYbjhPcjgXZCFDocListDividePage/hebei.html,27
http://www.cbirc.gov.cn/zhuanti/xzcf/getYbjhPcjgXZCFDocListDividePage/shanxi.html,44
http://www.cbirc.gov.cn/zhuanti/xzcf/getYbjhPcjgXZCFDocListDividePage/neimenggu.html,28
http://www.cbirc.gov.cn/zhuanti/xzcf/getYbjhPcjgXZCFDocListDividePage/liaoning.html,23
http://www.cbirc.gov.cn/zhuanti/xzcf/getYbjhPcjgXZCFDocListDividePage/jilin.html,35
http://www.cbirc.gov.cn/zhuanti/xzcf/getYbjhPcjgXZCFDocListDividePage/heilongjiang.html,33
http://www.cbirc.gov.cn/zhuanti/xzcf/getYbjhPcjgXZCFDocListDividePage/shanghai.html,21
http://www.cbirc.gov.cn/zhuanti/xzcf/getYbjhPcjgXZCFDocListDividePage/jiangsu.html,63
http://www.cbirc.gov.cn/zhuanti/xzcf/getYbjhPcjgXZCFDocListDividePage/zhejiang.html,71
http://www.cbirc.gov.cn/zhuanti/xzcf/getYbjhPcjgXZCFDocListDividePage/anhui.html,43
http://www.cbirc.gov.cn/zhuanti/xzcf/getYbjhPcjgXZCFDocListDividePage/fujian.html,30
http://www.cbirc.gov.cn/zhuanti/xzcf/getYbjhPcjgXZCFDocListDividePage/jiangxi.html,49
http://www.cbirc.gov.cn/zhuanti/xzcf/getYbjhPcjgXZCFDocListDividePage/shandong.html,76
http://www.cbirc.gov.cn/zhuanti/xzcf/getYbjhPcjgXZCFDocListDividePage/henan.html,64
http://www.cbirc.gov.cn/zhuanti/xzcf/getYbjhPcjgXZCFDocListDividePage/hubei.html,41
http://www.cbirc.gov.cn/zhuanti/xzcf/getYbjhPcjgXZCFDocListDividePage/hunan.html,76
http://www.cbirc.gov.cn/zhuanti/xzcf/getYbjhPcjgXZCFDocListDividePage/guangdong.html,40
http://www.cbirc.gov.cn/zhuanti/xzcf/getYbjhPcjgXZCFDocListDividePage/guangxi.html,25
http://www.cbirc.gov.cn/zhuanti/xzcf/getYbjhPcjgXZCFDocListDividePage/hainan.html,8
http://www.cbirc.gov.cn/zhuanti/xzcf/getYbjhPcjgXZCFDocListDividePage/chongqing.html,13
http://www.cbirc.gov.cn/zhuanti/xzcf/getYbjhPcjgXZCFDocListDividePage/sichuan.html,64
http://www.cbirc.gov.cn/zhuanti/xzcf/getYbjhPcjgXZCFDocListDividePage/guizhou.html,23
http://www.cbirc.gov.cn/zhuanti/xzcf/getYbjhPcjgXZCFDocListDividePage/yunnan.html,42
http://www.cbirc.gov.cn/zhuanti/xzcf/getYbjhPcjgXZCFDocListDividePage/xizang.html,2
http://www.cbirc.gov.cn/zhuanti/xzcf/getYbjhPcjgXZCFDocListDividePage/shaanxi.html,33
http://www.cbirc.gov.cn/zhuanti/xzcf/getYbjhPcjgXZCFDocListDividePage/gansu.html,12
http://www.cbirc.gov.cn/zhuanti/xzcf/getYbjhPcjgXZCFDocListDividePage/qinghai.html,9
http://www.cbirc.gov.cn/zhuanti/xzcf/getYbjhPcjgXZCFDocListDividePage/ningxia.html,10
http://www.cbirc.gov.cn/zhuanti/xzcf/getYbjhPcjgXZCFDocListDividePage/xinjiang.html,26
http://www.cbirc.gov.cn/zhuanti/xzcf/getYbjhPcjgXZCFDocListDividePage/dalian.html,10
http://www.cbirc.gov.cn/zhuanti/xzcf/getYbjhPcjgXZCFDocListDividePage/ningbo.html,24
http://www.cbirc.gov.cn/zhuanti/xzcf/getYbjhPcjgXZCFDocListDividePage/xiamen.html,8
http://www.cbirc.gov.cn/zhuanti/xzcf/getYbjhPcjgXZCFDocListDividePage/qingdao.html,5
http://www.cbirc.gov.cn/zhuanti/xzcf/getYbjhPcjgXZCFDocListDividePage/shenzhen.html,7